-- phpMyAdmin SQL Dump
-- version 4.7.9
-- https://www.phpmyadmin.net/
--
-- Host: 127.0.0.1
-- Generation Time: Jun 24, 2018 at 09:47 AM
-- Server version: 10.1.31-MariaDB
-- PHP Version: 5.6.34

SET SQL_MODE = "NO_AUTO_VALUE_ON_ZERO";
SET AUTOCOMMIT = 0;
START TRANSACTION;
SET time_zone = "+00:00";


/*!40101 SET @OLD_CHARACTER_SET_CLIENT=@@CHARACTER_SET_CLIENT */;
/*!40101 SET @OLD_CHARACTER_SET_RESULTS=@@CHARACTER_SET_RESULTS */;
/*!40101 SET @OLD_COLLATION_CONNECTION=@@COLLATION_CONNECTION */;
/*!40101 SET NAMES utf8mb4 */;

--
-- Database: `db_std_shop`
--

-- --------------------------------------------------------

--
-- Table structure for table `tbl_admin`
--

CREATE TABLE `tbl_admin` (
  `admin_id` int(11) NOT NULL,
  `admin_user` varchar(20) NOT NULL,
  `admin_pass` varchar(20) NOT NULL,
  `admin_name` varchar(100) NOT NULL,
  `date_save` timestamp NOT NULL DEFAULT CURRENT_TIMESTAMP
) ENGINE=MyISAM DEFAULT CHARSET=utf8;

--
-- Dumping data for table `tbl_admin`
--

INSERT INTO `tbl_admin` (`admin_id`, `admin_user`, `admin_pass`, `admin_name`, `date_save`) VALUES
(1, '1', '1', 'admin', '2017-08-30 01:57:41'),
(2, '55', '55', '555555 55555', '2018-01-25 04:13:06');

-- --------------------------------------------------------

--
-- Table structure for table `tbl_product`
--

CREATE TABLE `tbl_product` (
  `p_id` int(11) NOT NULL,
  `t_id` int(11) NOT NULL,
  `p_name` varchar(200) NOT NULL,
  `p_detial` text NOT NULL,
  `p_price` float(10,2) NOT NULL,
  `p_unit` varchar(20) NOT NULL,
  `p_img1` varchar(200) NOT NULL,
  `p_img2` varchar(100) DEFAULT NULL,
  `p_view` int(11) NOT NULL,
  `date_save` timestamp NOT NULL DEFAULT CURRENT_TIMESTAMP
) ENGINE=MyISAM DEFAULT CHARSET=utf8;

--
-- Dumping data for table `tbl_product`
--

INSERT INTO `tbl_product` (`p_id`, `t_id`, `p_name`, `p_detial`, `p_price`, `p_unit`, `p_img1`, `p_img2`, `p_view`, `date_save`) VALUES
(1, 1, 'iphone', '<p>Lorem ipsum dolor sit amet, consectetur adipiscing elit. Maecenas in pulvinar neque. Nulla finibus lobortis pulvinar. Donec a consectetur nulla. Nulla posuere sapien vitae lectus suscipit, et pulvinar nisi tincidunt. Aliquam erat volutpat. Curabitur convallis fringilla diam sed aliquam. Sed tempor iaculis massa faucibus feugiat. In fermentum facilisis massa, a consequat purus viverra a. Aliquam pellentesque nibh et nibh feugiat gravida. Maecenas ultricies, diam vitae semper placerat, velit risus accumsan nisl, eget tempor lacus est vel nunc. Proin accumsan elit sed neque euismod fringilla. Curabitur lobortis nunc velit,</p>\r\n\r\n<p>Lorem ipsum dolor sit amet, consectetur adipiscing elit. Maecenas in pulvinar neque. Nulla finibus lobortis pulvinar. Donec a consectetur nulla. Nulla posuere sapien vitae lectus suscipit, et pulvinar nisi tincidunt. Aliquam erat volutpat. Curabitur convallis fringilla diam sed aliquam. Sed tempor iaculis massa faucibus feugiat. In fermentum facilisis massa, a consequat purus viverra a. Aliquam pellentesque nibh et nibh feugiat gravida. Maecenas ultricies, diam vitae semper placerat, velit risus accumsan nisl, eget tempor lacus est vel nunc. Proin accumsan elit sed neque euismod fringilla. Curabitur lobortis nunc velit,</p>\r\n', 223.00, 'ชิ้น', 'img112069995520180125_110144.png', 'img112069995520180125_110144.png', 557, '2017-08-30 02:14:40'),
(2, 1, 'imac', '<p>Lorem ipsum dolor sit amet, consectetur adipiscing elit. Maecenas in pulvinar neque. Nulla finibus lobortis pulvinar. Donec a consectetur nulla. Nulla posuere sapien vitae lectus suscipit, et pulvinar nisi tincidunt. Aliquam erat volutpat. Curabitur convallis fringilla diam sed aliquam. Sed tempor iaculis massa faucibus feugiat. In fermentum facilisis massa, a consequat purus viverra a. Aliquam pellentesque nibh et nibh feugiat gravida. Maecenas ultricies, diam vitae semper placerat, velit risus accumsan nisl, eget tempor lacus est vel nunc. Proin accumsan elit sed neque euismod fringilla. Curabitur lobortis nunc velit,</p>\r\n\r\n<p>Lorem ipsum dolor sit amet, consectetur adipiscing elit. Maecenas in pulvinar neque. Nulla finibus lobortis pulvinar. Donec a consectetur nulla. Nulla posuere sapien vitae lectus suscipit, et pulvinar nisi tincidunt. Aliquam erat volutpat. Curabitur convallis fringilla diam sed aliquam. Sed tempor iaculis massa faucibus feugiat. In fermentum facilisis massa, a consequat purus viverra a. Aliquam pellentesque nibh et nibh feugiat gravida. Maecenas ultricies, diam vitae semper placerat, velit risus accumsan nisl, eget tempor lacus est vel nunc. Proin accumsan elit sed neque euismod fringilla. Curabitur lobortis nunc velit,</p>\r\n', 1111.00, 'ชิ้น', 'img112069995520180125_110144.png', 'img112069995520180125_110144.png', 555, '2017-08-30 02:46:53'),
(4, 1, 'macbook', '<p>Lorem ipsum dolor sit amet, consectetur adipiscing elit. Maecenas in pulvinar neque. Nulla finibus lobortis pulvinar. Donec a consectetur nulla. Nulla posuere sapien vitae lectus suscipit, et pulvinar nisi tincidunt. Aliquam erat volutpat. Curabitur convallis fringilla diam sed aliquam. Sed tempor iaculis massa faucibus feugiat. In fermentum facilisis massa, a consequat purus viverra a. Aliquam pellentesque nibh et nibh feugiat gravida. Maecenas ultricies, diam vitae semper placerat, velit risus accumsan nisl, eget tempor lacus est vel nunc. Proin accumsan elit sed neque euismod fringilla. Curabitur lobortis nunc velit,</p>\r\n\r\n<p>Lorem ipsum dolor sit amet, consectetur adipiscing elit. Maecenas in pulvinar neque. Nulla finibus lobortis pulvinar. Donec a consectetur nulla. Nulla posuere sapien vitae lectus suscipit, et pulvinar nisi tincidunt. Aliquam erat volutpat. Curabitur convallis fringilla diam sed aliquam. Sed tempor iaculis massa faucibus feugiat. In fermentum facilisis massa, a consequat purus viverra a. Aliquam pellentesque nibh et nibh feugiat gravida. Maecenas ultricies, diam vitae semper placerat, velit risus accumsan nisl, eget tempor lacus est vel nunc. Proin accumsan elit sed neque euismod fringilla. Curabitur lobortis nunc velit,</p>\r\n', 22.00, 'ชิ้น', 'img112069995520180125_110144.png', 'img112069995520180125_110144.png', 557, '2017-08-30 02:49:38'),
(5, 1, 'pc', '<p>Lorem ipsum dolor sit amet, consectetur adipiscing elit. Maecenas in pulvinar neque. Nulla finibus lobortis pulvinar. Donec a consectetur nulla. Nulla posuere sapien vitae lectus suscipit, et pulvinar nisi tincidunt. Aliquam erat volutpat. Curabitur convallis fringilla diam sed aliquam. Sed tempor iaculis massa faucibus feugiat. In fermentum facilisis massa, a consequat purus viverra a. Aliquam pellentesque nibh et nibh feugiat gravida. Maecenas ultricies, diam vitae semper placerat, velit risus accumsan nisl, eget tempor lacus est vel nunc. Proin accumsan elit sed neque euismod fringilla. Curabitur lobortis nunc velit,</p>\r\n\r\n<p>Lorem ipsum dolor sit amet, consectetur adipiscing elit. Maecenas in pulvinar neque. Nulla finibus lobortis pulvinar. Donec a consectetur nulla. Nulla posuere sapien vitae lectus suscipit, et pulvinar nisi tincidunt. Aliquam erat volutpat. Curabitur convallis fringilla diam sed aliquam. Sed tempor iaculis massa faucibus feugiat. In fermentum facilisis massa, a consequat purus viverra a. Aliquam pellentesque nibh et nibh feugiat gravida. Maecenas ultricies, diam vitae semper placerat, velit risus accumsan nisl, eget tempor lacus est vel nunc. Proin accumsan elit sed neque euismod fringilla. Curabitur lobortis nunc velit,</p>\r\n', 333.00, 'ชิ้น', 'img112069995520180125_110144.png', 'img112069995520180125_110144.png', 555, '2017-08-30 02:50:45'),
(6, 2, 'Sumsumng', '<p>Lorem ipsum dolor sit amet, consectetur adipiscing elit. Maecenas in pulvinar neque. Nulla finibus lobortis pulvinar. Donec a consectetur nulla. Nulla posuere sapien vitae lectus suscipit, et pulvinar nisi tincidunt. Aliquam erat volutpat. Curabitur convallis fringilla diam sed aliquam. Sed tempor iaculis massa faucibus feugiat. In fermentum facilisis massa, a consequat purus viverra a. Aliquam pellentesque nibh et nibh feugiat gravida. Maecenas ultricies, diam vitae semper placerat, velit risus accumsan nisl, eget tempor lacus est vel nunc. Proin accumsan elit sed neque euismod fringilla. Curabitur lobortis nunc velit,</p>\r\n\r\n<p>Lorem ipsum dolor sit amet, consectetur adipiscing elit. Maecenas in pulvinar neque. Nulla finibus lobortis pulvinar. Donec a consectetur nulla. Nulla posuere sapien vitae lectus suscipit, et pulvinar nisi tincidunt. Aliquam erat volutpat. Curabitur convallis fringilla diam sed aliquam. Sed tempor iaculis massa faucibus feugiat. In fermentum facilisis massa, a consequat purus viverra a. Aliquam pellentesque nibh et nibh feugiat gravida. Maecenas ultricies, diam vitae semper placerat, velit risus accumsan nisl, eget tempor lacus est vel nunc. Proin accumsan elit sed neque euismod fringilla. Curabitur lobortis nunc velit,</p>\r\n', 223.00, 'ชิ้น', 'img112069995520180125_110144.png', 'img112069995520180125_110144.png', 555, '2017-08-29 19:14:40'),
(7, 2, 'Nokia', '<p>Lorem ipsum dolor sit amet, consectetur adipiscing elit. Maecenas in pulvinar neque. Nulla finibus lobortis pulvinar. Donec a consectetur nulla. Nulla posuere sapien vitae lectus suscipit, et pulvinar nisi tincidunt. Aliquam erat volutpat. Curabitur convallis fringilla diam sed aliquam. Sed tempor iaculis massa faucibus feugiat. In fermentum facilisis massa, a consequat purus viverra a. Aliquam pellentesque nibh et nibh feugiat gravida. Maecenas ultricies, diam vitae semper placerat, velit risus accumsan nisl, eget tempor lacus est vel nunc. Proin accumsan elit sed neque euismod fringilla. Curabitur lobortis nunc velit,</p>\r\n\r\n<p>Lorem ipsum dolor sit amet, consectetur adipiscing elit. Maecenas in pulvinar neque. Nulla finibus lobortis pulvinar. Donec a consectetur nulla. Nulla posuere sapien vitae lectus suscipit, et pulvinar nisi tincidunt. Aliquam erat volutpat. Curabitur convallis fringilla diam sed aliquam. Sed tempor iaculis massa faucibus feugiat. In fermentum facilisis massa, a consequat purus viverra a. Aliquam pellentesque nibh et nibh feugiat gravida. Maecenas ultricies, diam vitae semper placerat, velit risus accumsan nisl, eget tempor lacus est vel nunc. Proin accumsan elit sed neque euismod fringilla. Curabitur lobortis nunc velit,</p>\r\n', 1111.00, 'ชิ้น', 'img112069995520180125_110144.png', 'img112069995520180125_110144.png', 556, '2017-08-29 19:46:53'),
(8, 2, 'RAM', '<p>Lorem ipsum dolor sit amet, consectetur adipiscing elit. Maecenas in pulvinar neque. Nulla finibus lobortis pulvinar. Donec a consectetur nulla. Nulla posuere sapien vitae lectus suscipit, et pulvinar nisi tincidunt. Aliquam erat volutpat. Curabitur convallis fringilla diam sed aliquam. Sed tempor iaculis massa faucibus feugiat. In fermentum facilisis massa, a consequat purus viverra a. Aliquam pellentesque nibh et nibh feugiat gravida. Maecenas ultricies, diam vitae semper placerat, velit risus accumsan nisl, eget tempor lacus est vel nunc. Proin accumsan elit sed neque euismod fringilla. Curabitur lobortis nunc velit,</p>\r\n\r\n<p>Lorem ipsum dolor sit amet, consectetur adipiscing elit. Maecenas in pulvinar neque. Nulla finibus lobortis pulvinar. Donec a consectetur nulla. Nulla posuere sapien vitae lectus suscipit, et pulvinar nisi tincidunt. Aliquam erat volutpat. Curabitur convallis fringilla diam sed aliquam. Sed tempor iaculis massa faucibus feugiat. In fermentum facilisis massa, a consequat purus viverra a. Aliquam pellentesque nibh et nibh feugiat gravida. Maecenas ultricies, diam vitae semper placerat, velit risus accumsan nisl, eget tempor lacus est vel nunc. Proin accumsan elit sed neque euismod fringilla. Curabitur lobortis nunc velit,</p>\r\n', 22.00, 'ชิ้น', 'img112069995520180125_110144.png', 'img112069995520180125_110144.png', 557, '2017-08-29 19:49:38'),
(9, 2, 'CD', '<p>Lorem ipsum dolor sit amet, consectetur adipiscing elit. Maecenas in pulvinar neque. Nulla finibus lobortis pulvinar. Donec a consectetur nulla. Nulla posuere sapien vitae lectus suscipit, et pulvinar nisi tincidunt. Aliquam erat volutpat. Curabitur convallis fringilla diam sed aliquam. Sed tempor iaculis massa faucibus feugiat. In fermentum facilisis massa, a consequat purus viverra a. Aliquam pellentesque nibh et nibh feugiat gravida. Maecenas ultricies, diam vitae semper placerat, velit risus accumsan nisl, eget tempor lacus est vel nunc. Proin accumsan elit sed neque euismod fringilla. Curabitur lobortis nunc velit,</p>\r\n\r\n<p>Lorem ipsum dolor sit amet, consectetur adipiscing elit. Maecenas in pulvinar neque. Nulla finibus lobortis pulvinar. Donec a consectetur nulla. Nulla posuere sapien vitae lectus suscipit, et pulvinar nisi tincidunt. Aliquam erat volutpat. Curabitur convallis fringilla diam sed aliquam. Sed tempor iaculis massa faucibus feugiat. In fermentum facilisis massa, a consequat purus viverra a. Aliquam pellentesque nibh et nibh feugiat gravida. Maecenas ultricies, diam vitae semper placerat, velit risus accumsan nisl, eget tempor lacus est vel nunc. Proin accumsan elit sed neque euismod fringilla. Curabitur lobortis nunc velit,</p>\r\n', 333.00, 'ชิ้น', 'img112069995520180125_110144.png', 'img112069995520180125_110144.png', 555, '2017-08-29 19:50:45'),
(10, 3, 'PHP', '<p>Lorem ipsum dolor sit amet, consectetur adipiscing elit. Maecenas in pulvinar neque. Nulla finibus lobortis pulvinar. Donec a consectetur nulla. Nulla posuere sapien vitae lectus suscipit, et pulvinar nisi tincidunt. Aliquam erat volutpat. Curabitur convallis fringilla diam sed aliquam. Sed tempor iaculis massa faucibus feugiat. In fermentum facilisis massa, a consequat purus viverra a. Aliquam pellentesque nibh et nibh feugiat gravida. Maecenas ultricies, diam vitae semper placerat, velit risus accumsan nisl, eget tempor lacus est vel nunc. Proin accumsan elit sed neque euismod fringilla. Curabitur lobortis nunc velit,</p>\r\n\r\n<p>Lorem ipsum dolor sit amet, consectetur adipiscing elit. Maecenas in pulvinar neque. Nulla finibus lobortis pulvinar. Donec a consectetur nulla. Nulla posuere sapien vitae lectus suscipit, et pulvinar nisi tincidunt. Aliquam erat volutpat. Curabitur convallis fringilla diam sed aliquam. Sed tempor iaculis massa faucibus feugiat. In fermentum facilisis massa, a consequat purus viverra a. Aliquam pellentesque nibh et nibh feugiat gravida. Maecenas ultricies, diam vitae semper placerat, velit risus accumsan nisl, eget tempor lacus est vel nunc. Proin accumsan elit sed neque euismod fringilla. Curabitur lobortis nunc velit,</p>\r\n', 223.00, 'ชิ้น', 'img112069995520180125_110144.png', 'img112069995520180125_110144.png', 555, '2017-08-29 19:14:40'),
(11, 3, 'CSS', '<p>Lorem ipsum dolor sit amet, consectetur adipiscing elit. Maecenas in pulvinar neque. Nulla finibus lobortis pulvinar. Donec a consectetur nulla. Nulla posuere sapien vitae lectus suscipit, et pulvinar nisi tincidunt. Aliquam erat volutpat. Curabitur convallis fringilla diam sed aliquam. Sed tempor iaculis massa faucibus feugiat. In fermentum facilisis massa, a consequat purus viverra a. Aliquam pellentesque nibh et nibh feugiat gravida. Maecenas ultricies, diam vitae semper placerat, velit risus accumsan nisl, eget tempor lacus est vel nunc. Proin accumsan elit sed neque euismod fringilla. Curabitur lobortis nunc velit,</p>\r\n\r\n<p>Lorem ipsum dolor sit amet, consectetur adipiscing elit. Maecenas in pulvinar neque. Nulla finibus lobortis pulvinar. Donec a consectetur nulla. Nulla posuere sapien vitae lectus suscipit, et pulvinar nisi tincidunt. Aliquam erat volutpat. Curabitur convallis fringilla diam sed aliquam. Sed tempor iaculis massa faucibus feugiat. In fermentum facilisis massa, a consequat purus viverra a. Aliquam pellentesque nibh et nibh feugiat gravida. Maecenas ultricies, diam vitae semper placerat, velit risus accumsan nisl, eget tempor lacus est vel nunc. Proin accumsan elit sed neque euismod fringilla. Curabitur lobortis nunc velit,</p>\r\n', 1111.00, 'ชิ้น', 'img112069995520180125_110144.png', 'img112069995520180125_110144.png', 555, '2017-08-29 19:46:53'),
(12, 3, 'Facebook', '<p>Lorem ipsum dolor sit amet, consectetur adipiscing elit. Maecenas in pulvinar neque. Nulla finibus lobortis pulvinar. Donec a consectetur nulla. Nulla posuere sapien vitae lectus suscipit, et pulvinar nisi tincidunt. Aliquam erat volutpat. Curabitur convallis fringilla diam sed aliquam. Sed tempor iaculis massa faucibus feugiat. In fermentum facilisis massa, a consequat purus viverra a. Aliquam pellentesque nibh et nibh feugiat gravida. Maecenas ultricies, diam vitae semper placerat, velit risus accumsan nisl, eget tempor lacus est vel nunc. Proin accumsan elit sed neque euismod fringilla. Curabitur lobortis nunc velit,</p>\r\n\r\n<p>Lorem ipsum dolor sit amet, consectetur adipiscing elit. Maecenas in pulvinar neque. Nulla finibus lobortis pulvinar. Donec a consectetur nulla. Nulla posuere sapien vitae lectus suscipit, et pulvinar nisi tincidunt. Aliquam erat volutpat. Curabitur convallis fringilla diam sed aliquam. Sed tempor iaculis massa faucibus feugiat. In fermentum facilisis massa, a consequat purus viverra a. Aliquam pellentesque nibh et nibh feugiat gravida. Maecenas ultricies, diam vitae semper placerat, velit risus accumsan nisl, eget tempor lacus est vel nunc. Proin accumsan elit sed neque euismod fringilla. Curabitur lobortis nunc velit,</p>\r\n', 22.00, 'ชิ้น', 'img112069995520180125_110144.png', 'img112069995520180125_110144.png', 555, '2017-08-29 19:49:38'),
(13, 3, 'DVD', '<p>Lorem ipsum dolor sit amet, consectetur adipiscing elit. Maecenas in pulvinar neque. Nulla finibus lobortis pulvinar. Donec a consectetur nulla. Nulla posuere sapien vitae lectus suscipit, et pulvinar nisi tincidunt. Aliquam erat volutpat. Curabitur convallis fringilla diam sed aliquam. Sed tempor iaculis massa faucibus feugiat. In fermentum facilisis massa, a consequat purus viverra a. Aliquam pellentesque nibh et nibh feugiat gravida. Maecenas ultricies, diam vitae semper placerat, velit risus accumsan nisl, eget tempor lacus est vel nunc. Proin accumsan elit sed neque euismod fringilla. Curabitur lobortis nunc velit,</p>\r\n\r\n<p>Lorem ipsum dolor sit amet, consectetur adipiscing elit. Maecenas in pulvinar neque. Nulla finibus lobortis pulvinar. Donec a consectetur nulla. Nulla posuere sapien vitae lectus suscipit, et pulvinar nisi tincidunt. Aliquam erat volutpat. Curabitur convallis fringilla diam sed aliquam. Sed tempor iaculis massa faucibus feugiat. In fermentum facilisis massa, a consequat purus viverra a. Aliquam pellentesque nibh et nibh feugiat gravida. Maecenas ultricies, diam vitae semper placerat, velit risus accumsan nisl, eget tempor lacus est vel nunc. Proin accumsan elit sed neque euismod fringilla. Curabitur lobortis nunc velit,</p>\r\n', 333.00, 'ชิ้น', 'img112069995520180125_110144.png', 'img112069995520180125_110144.png', 555, '2017-08-29 19:50:45');

-- --------------------------------------------------------

--
-- Table structure for table `tbl_type`
--

CREATE TABLE `tbl_type` (
  `t_id` int(11) NOT NULL,
  `t_name` varchar(100) NOT NULL
) ENGINE=MyISAM DEFAULT CHARSET=utf8;

--
-- Dumping data for table `tbl_type`
--

INSERT INTO `tbl_type` (`t_id`, `t_name`) VALUES
(1, 'ประเภท1'),
(2, 'ประเภท2'),
(3, 'ประเภท3'),
(4, 'ประเภท4'),
(5, 'ประเภท5'),
(6, 'อื่นๆ');

--
-- Indexes for dumped tables
--

--
-- Indexes for table `tbl_admin`
--
ALTER TABLE `tbl_admin`
  ADD PRIMARY KEY (`admin_id`);

--
-- Indexes for table `tbl_product`
--
ALTER TABLE `tbl_product`
  ADD PRIMARY KEY (`p_id`);

--
-- Indexes for table `tbl_type`
--
ALTER TABLE `tbl_type`
  ADD PRIMARY KEY (`t_id`);

--
-- AUTO_INCREMENT for dumped tables
--

--
-- AUTO_INCREMENT for table `tbl_admin`
--
ALTER TABLE `tbl_admin`
  MODIFY `admin_id` int(11) NOT NULL AUTO_INCREMENT, AUTO_INCREMENT=3;

--
-- AUTO_INCREMENT for table `tbl_product`
--
ALTER TABLE `tbl_product`
  MODIFY `p_id` int(11) NOT NULL AUTO_INCREMENT, AUTO_INCREMENT=16;

--
-- AUTO_INCREMENT for table `tbl_type`
--
ALTER TABLE `tbl_type`
  MODIFY `t_id` int(11) NOT NULL AUTO_INCREMENT, AUTO_INCREMENT=8;
COMMIT;

/*!40101 SET CHARACTER_SET_CLIENT=@OLD_CHARACTER_SET_CLIENT */;
/*!40101 SET CHARACTER_SET_RESULTS=@OLD_CHARACTER_SET_RESULTS */;
/*!40101 SET COLLATION_CONNECTION=@OLD_COLLATION_CONNECTION */;
